﻿<?xml version="1.0" encoding="UTF-8" standalone="no" ?>
<!DOCTYPE xmeml>
<xmeml version="5">

  <project>
    <name>CalmSingles1_s3_5.sesx</name>
    <children>
      <sequence id="sequence-1">
        <duration>10336</duration>
        <rate>
          <timebase>30</timebase>
          <ntsc>FALSE</ntsc>
        </rate>
        <name>CalmSingles1_s3_5.sesx</name>
        <media>
          <audio>
            <format>
              <samplecharacteristics>
                <depth>32</depth>
                <samplerate>44100</samplerate>
              </samplecharacteristics>
            </format>
            <outputs>
              <group>
                <index>1</index>
                <numchannels>1</numchannels>
                <downmix>0</downmix>
                <channel>
                  <index>1</index>
                </channel>
              </group>
              <group>
                <index>2</index>
                <numchannels>1</numchannels>
                <downmix>0</downmix>
                <channel>
                  <index>2</index>
                </channel>
              </group>
            </outputs>
            <track>
              <enabled>TRUE</enabled>
              <locked>FALSE</locked>
              <clipitem id="clipitem-0">
                <name>CalmSingles1_s3_1</name>
                <enabled>TRUE</enabled>
                <duration>178</duration>
                <start>60</start>
                <end>238</end>
                <in>0</in>
                <out>178</out>
                <file id="0">
                  <name>CalmSingles1_s3_1.wav</name>
                  <pathurl>file://localhost/Users/CTD/Desktop/Sessions%20to%20upload/18.12.04%20Rebounces/CS1S3%20-%20Slowing%20Down/Audition%20Files/Imported%20Files/CalmSingles1_s3_1.wav</pathurl>
                  <rate>
                    <timebase>30</timebase>
                    <ntsc>FALSE</ntsc>
                  </rate>
                  <duration>178</duration>
                  <media>
                    <audio>
                      <samplecharacteristics>
                        <depth>32</depth>
                        <samplerate>44100</samplerate>
                      </samplecharacteristics>
                    </audio>
                  </media>
                </file>
                <sourcetrack>
                  <mediatype>audio</mediatype>
                  <trackindex>1</trackindex>
                </sourcetrack>
                <channelcount>2</channelcount>
              </clipitem>
              <clipitem id="clipitem-1">
                <name>CalmSingles1_s3_2</name>
                <enabled>TRUE</enabled>
                <duration>97</duration>
                <start>324</start>
                <end>421</end>
                <in>0</in>
                <out>97</out>
                <file id="1">
                  <name>CalmSingles1_s3_2.wav</name>
                  <pathurl>file://localhost/Users/CTD/Desktop/Sessions%20to%20upload/18.12.04%20Rebounces/CS1S3%20-%20Slowing%20Down/Audition%20Files/Imported%20Files/CalmSingles1_s3_2.wav</pathurl>
                  <rate>
                    <timebase>30</timebase>
                    <ntsc>FALSE</ntsc>
                  </rate>
                  <duration>97</duration>
                  <media>
                    <audio>
                      <samplecharacteristics>
                        <depth>32</depth>
                        <samplerate>44100</samplerate>
                      </samplecharacteristics>
                    </audio>
                  </media>
                </file>
                <sourcetrack>
                  <mediatype>audio</mediatype>
                  <trackindex>1</trackindex>
                </sourcetrack>
                <channelcount>2</channelcount>
              </clipitem>
              <clipitem id="clipitem-2">
                <name>CalmSingles1_s3_3</name>
                <enabled>TRUE</enabled>
                <duration>59</duration>
                <start>438</start>
                <end>497</end>
                <in>0</in>
                <out>59</out>
                <file id="2">
                  <name>CalmSingles1_s3_3.wav</name>
                  <pathurl>file://localhost/Users/CTD/Desktop/Sessions%20to%20upload/18.12.04%20Rebounces/CS1S3%20-%20Slowing%20Down/Audition%20Files/Imported%20Files/CalmSingles1_s3_3.wav</pathurl>
                  <rate>
                    <timebase>30</timebase>
                    <ntsc>FALSE</ntsc>
                  </rate>
                  <duration>59</duration>
                  <media>
                    <audio>
                      <samplecharacteristics>
                        <depth>32</depth>
                        <samplerate>44100</samplerate>
                      </samplecharacteristics>
                    </audio>
                  </media>
                </file>
                <sourcetrack>
                  <mediatype>audio</mediatype>
                  <trackindex>1</trackindex>
                </sourcetrack>
                <channelcount>2</channelcount>
              </clipitem>
              <clipitem id="clipitem-3">
                <name>CalmSingles1_s3_4</name>
                <enabled>TRUE</enabled>
                <duration>96</duration>
                <start>583</start>
                <end>679</end>
                <in>0</in>
                <out>96</out>
                <file id="3">
                  <name>CalmSingles1_s3_4.wav</name>
                  <pathurl>file://localhost/Users/CTD/Desktop/Sessions%20to%20upload/18.12.04%20Rebounces/CS1S3%20-%20Slowing%20Down/Audition%20Files/Imported%20Files/CalmSingles1_s3_4.wav</pathurl>
                  <rate>
                    <timebase>30</timebase>
                    <ntsc>FALSE</ntsc>
                  </rate>
                  <duration>96</duration>
                  <media>
                    <audio>
                      <samplecharacteristics>
                        <depth>32</depth>
                        <samplerate>44100</samplerate>
                      </samplecharacteristics>
                    </audio>
                  </media>
                </file>
                <sourcetrack>
                  <mediatype>audio</mediatype>
                  <trackindex>1</trackindex>
                </sourcetrack>
                <channelcount>2</channelcount>
              </clipitem>
              <clipitem id="clipitem-4">
                <name>CalmSingles1_s3_5</name>
                <enabled>TRUE</enabled>
                <duration>285</duration>
                <start>773</start>
                <end>1059</end>
                <in>0</in>
                <out>285</out>
                <file id="22">
                  <name>CalmSingles1_s3_5.wav</name>
                  <pathurl>file://localhost/Users/CTD/Desktop/Sessions%20to%20upload/18.12.04%20Rebounces/CS1S3%20-%20Slowing%20Down/Audition%20Files/Imported%20Files/CalmSingles1_s3_5.wav</pathurl>
                  <rate>
                    <timebase>30</timebase>
                    <ntsc>FALSE</ntsc>
                  </rate>
                  <duration>285</duration>
                  <media>
                    <audio>
                      <samplecharacteristics>
                        <depth>32</depth>
                        <samplerate>44100</samplerate>
                      </samplecharacteristics>
                    </audio>
                  </media>
                </file>
                <sourcetrack>
                  <mediatype>audio</mediatype>
                  <trackindex>1</trackindex>
                </sourcetrack>
                <channelcount>2</channelcount>
              </clipitem>
              <clipitem id="clipitem-5">
                <name>CalmSingles1_s3_6</name>
                <enabled>TRUE</enabled>
                <duration>159</duration>
                <start>1357</start>
                <end>1517</end>
                <in>0</in>
                <out>159</out>
                <file id="23">
                  <name>CalmSingles1_s3_6.wav</name>
                  <pathurl>file://localhost/Users/CTD/Desktop/Sessions%20to%20upload/18.12.04%20Rebounces/CS1S3%20-%20Slowing%20Down/Audition%20Files/Imported%20Files/CalmSingles1_s3_6.wav</pathurl>
                  <rate>
                    <timebase>30</timebase>
                    <ntsc>FALSE</ntsc>
                  </rate>
                  <duration>159</duration>
                  <media>
                    <audio>
                      <samplecharacteristics>
                        <depth>32</depth>
                        <samplerate>44100</samplerate>
                      </samplecharacteristics>
                    </audio>
                  </media>
                </file>
                <sourcetrack>
                  <mediatype>audio</mediatype>
                  <trackindex>1</trackindex>
                </sourcetrack>
                <channelcount>2</channelcount>
              </clipitem>
              <clipitem id="clipitem-6">
                <name>CalmSingles1_s3_7</name>
                <enabled>TRUE</enabled>
                <duration>323</duration>
                <start>1576</start>
                <end>1900</end>
                <in>0</in>
                <out>323</out>
                <file id="4">
                  <name>CalmSingles1_s3_7.wav</name>
                  <pathurl>file://localhost/Users/CTD/Desktop/Sessions%20to%20upload/18.12.04%20Rebounces/CS1S3%20-%20Slowing%20Down/Audition%20Files/Imported%20Files/CalmSingles1_s3_7.wav</pathurl>
                  <rate>
                    <timebase>30</timebase>
                    <ntsc>FALSE</ntsc>
                  </rate>
                  <duration>323</duration>
                  <media>
                    <audio>
                      <samplecharacteristics>
                        <depth>32</depth>
                        <samplerate>44100</samplerate>
                      </samplecharacteristics>
                    </audio>
                  </media>
                </file>
                <sourcetrack>
                  <mediatype>audio</mediatype>
                  <trackindex>1</trackindex>
                </sourcetrack>
                <channelcount>2</channelcount>
              </clipitem>
              <clipitem id="clipitem-7">
                <name>CalmSingles1_s3_8</name>
                <enabled>TRUE</enabled>
                <duration>282</duration>
                <start>2047</start>
                <end>2329</end>
                <in>0</in>
                <out>282</out>
                <file id="24">
                  <name>CalmSingles1_s3_8.wav</name>
                  <pathurl>file://localhost/Users/CTD/Desktop/Sessions%20to%20upload/18.12.04%20Rebounces/CS1S3%20-%20Slowing%20Down/Audition%20Files/Imported%20Files/CalmSingles1_s3_8.wav</pathurl>
                  <rate>
                    <timebase>30</timebase>
                    <ntsc>FALSE</ntsc>
                  </rate>
                  <duration>282</duration>
                  <media>
                    <audio>
                      <samplecharacteristics>
                        <depth>32</depth>
                        <samplerate>44100</samplerate>
                      </samplecharacteristics>
                    </audio>
                  </media>
                </file>
                <sourcetrack>
                  <mediatype>audio</mediatype>
                  <trackindex>1</trackindex>
                </sourcetrack>
                <channelcount>2</channelcount>
              </clipitem>
              <clipitem id="clipitem-8">
                <name>CalmSingles1_s3_9</name>
                <enabled>TRUE</enabled>
                <duration>208</duration>
                <start>2626</start>
                <end>2834</end>
                <in>0</in>
                <out>208</out>
                <file id="25">
                  <name>CalmSingles1_s3_9.wav</name>
                  <pathurl>file://localhost/Users/CTD/Desktop/Sessions%20to%20upload/18.12.04%20Rebounces/CS1S3%20-%20Slowing%20Down/Audition%20Files/Imported%20Files/CalmSingles1_s3_9.wav</pathurl>
                  <rate>
                    <timebase>30</timebase>
                    <ntsc>FALSE</ntsc>
                  </rate>
                  <duration>208</duration>
                  <media>
                    <audio>
                      <samplecharacteristics>
                        <depth>32</depth>
                        <samplerate>44100</samplerate>
                      </samplecharacteristics>
                    </audio>
                  </media>
                </file>
                <sourcetrack>
                  <mediatype>audio</mediatype>
                  <trackindex>1</trackindex>
                </sourcetrack>
                <channelcount>2</channelcount>
              </clipitem>
              <clipitem id="clipitem-9">
                <name>CalmSingles1_s3_10</name>
                <enabled>TRUE</enabled>
                <duration>332</duration>
                <start>2916</start>
                <end>3248</end>
                <in>0</in>
                <out>332</out>
                <file id="26">
                  <name>CalmSingles1_s3_10.wav</name>
                  <pathurl>file://localhost/Users/CTD/Desktop/Sessions%20to%20upload/18.12.04%20Rebounces/CS1S3%20-%20Slowing%20Down/Audition%20Files/Imported%20Files/CalmSingles1_s3_10.wav</pathurl>
                  <rate>
                    <timebase>30</timebase>
                    <ntsc>FALSE</ntsc>
                  </rate>
                  <duration>332</duration>
                  <media>
                    <audio>
                      <samplecharacteristics>
                        <depth>32</depth>
                        <samplerate>44100</samplerate>
                      </samplecharacteristics>
                    </audio>
                  </media>
                </file>
                <sourcetrack>
                  <mediatype>audio</mediatype>
                  <trackindex>1</trackindex>
                </sourcetrack>
                <channelcount>2</channelcount>
              </clipitem>
              <clipitem id="clipitem-10">
                <name>CalmSingles1_s3_11</name>
                <enabled>TRUE</enabled>
                <duration>75</duration>
                <start>3357</start>
                <end>3432</end>
                <in>0</in>
                <out>75</out>
                <file id="5">
                  <name>CalmSingles1_s3_11.wav</name>
                  <pathurl>file://localhost/Users/CTD/Desktop/Sessions%20to%20upload/18.12.04%20Rebounces/CS1S3%20-%20Slowing%20Down/Audition%20Files/Imported%20Files/CalmSingles1_s3_11.wav</pathurl>
                  <rate>
                    <timebase>30</timebase>
                    <ntsc>FALSE</ntsc>
                  </rate>
                  <duration>75</duration>
                  <media>
                    <audio>
                      <samplecharacteristics>
                        <depth>32</depth>
                        <samplerate>44100</samplerate>
                      </samplecharacteristics>
                    </audio>
                  </media>
                </file>
                <sourcetrack>
                  <mediatype>audio</mediatype>
                  <trackindex>1</trackindex>
                </sourcetrack>
                <channelcount>2</channelcount>
              </clipitem>
              <clipitem id="clipitem-11">
                <name>CalmSingles1_s3_12</name>
                <enabled>TRUE</enabled>
                <duration>295</duration>
                <start>3880</start>
                <end>4175</end>
                <in>0</in>
                <out>295</out>
                <file id="6">
                  <name>CalmSingles1_s3_12.wav</name>
                  <pathurl>file://localhost/Users/CTD/Desktop/Sessions%20to%20upload/18.12.04%20Rebounces/CS1S3%20-%20Slowing%20Down/Audition%20Files/Imported%20Files/CalmSingles1_s3_12.wav</pathurl>
                  <rate>
                    <timebase>30</timebase>
                    <ntsc>FALSE</ntsc>
                  </rate>
                  <duration>295</duration>
                  <media>
                    <audio>
                      <samplecharacteristics>
                        <depth>32</depth>
                        <samplerate>44100</samplerate>
                      </samplecharacteristics>
                    </audio>
                  </media>
                </file>
                <sourcetrack>
                  <mediatype>audio</mediatype>
                  <trackindex>1</trackindex>
                </sourcetrack>
                <channelcount>2</channelcount>
              </clipitem>
              <clipitem id="clipitem-12">
                <name>CalmSingles1_s3_13</name>
                <enabled>TRUE</enabled>
                <duration>156</duration>
                <start>4234</start>
                <end>4391</end>
                <in>0</in>
                <out>156</out>
                <file id="7">
                  <name>CalmSingles1_s3_13.wav</name>
                  <pathurl>file://localhost/Users/CTD/Desktop/Sessions%20to%20upload/18.12.04%20Rebounces/CS1S3%20-%20Slowing%20Down/Audition%20Files/Imported%20Files/CalmSingles1_s3_13.wav</pathurl>
                  <rate>
                    <timebase>30</timebase>
                    <ntsc>FALSE</ntsc>
                  </rate>
                  <duration>156</duration>
                  <media>
                    <audio>
                      <samplecharacteristics>
                        <depth>32</depth>
                        <samplerate>44100</samplerate>
                      </samplecharacteristics>
                    </audio>
                  </media>
                </file>
                <sourcetrack>
                  <mediatype>audio</mediatype>
                  <trackindex>1</trackindex>
                </sourcetrack>
                <channelcount>2</channelcount>
              </clipitem>
              <clipitem id="clipitem-13">
                <name>CalmSingles1_s3_14</name>
                <enabled>TRUE</enabled>
                <duration>182</duration>
                <start>4480</start>
                <end>4663</end>
                <in>0</in>
                <out>182</out>
                <file id="8">
                  <name>CalmSingles1_s3_14.wav</name>
                  <pathurl>file://localhost/Users/CTD/Desktop/Sessions%20to%20upload/18.12.04%20Rebounces/CS1S3%20-%20Slowing%20Down/Audition%20Files/Imported%20Files/CalmSingles1_s3_14.wav</pathurl>
                  <rate>
                    <timebase>30</timebase>
                    <ntsc>FALSE</ntsc>
                  </rate>
                  <duration>182</duration>
                  <media>
                    <audio>
                      <samplecharacteristics>
                        <depth>32</depth>
                        <samplerate>44100</samplerate>
                      </samplecharacteristics>
                    </audio>
                  </media>
                </file>
                <sourcetrack>
                  <mediatype>audio</mediatype>
                  <trackindex>1</trackindex>
                </sourcetrack>
                <channelcount>2</channelcount>
              </clipitem>
              <clipitem id="clipitem-14">
                <name>CalmSingles1_s3_15</name>
                <enabled>TRUE</enabled>
                <duration>127</duration>
                <start>4720</start>
                <end>4847</end>
                <in>0</in>
                <out>127</out>
                <file id="9">
                  <name>CalmSingles1_s3_15.wav</name>
                  <pathurl>file://localhost/Users/CTD/Desktop/Sessions%20to%20upload/18.12.04%20Rebounces/CS1S3%20-%20Slowing%20Down/Audition%20Files/Imported%20Files/CalmSingles1_s3_15.wav</pathurl>
                  <rate>
                    <timebase>30</timebase>
                    <ntsc>FALSE</ntsc>
                  </rate>
                  <duration>127</duration>
                  <media>
                    <audio>
                      <samplecharacteristics>
                        <depth>32</depth>
                        <samplerate>44100</samplerate>
                      </samplecharacteristics>
                    </audio>
                  </media>
                </file>
                <sourcetrack>
                  <mediatype>audio</mediatype>
                  <trackindex>1</trackindex>
                </sourcetrack>
                <channelcount>2</channelcount>
              </clipitem>
              <clipitem id="clipitem-15">
                <name>CalmSingles1_s3_16</name>
                <enabled>TRUE</enabled>
                <duration>131</duration>
                <start>4929</start>
                <end>5060</end>
                <in>0</in>
                <out>131</out>
                <file id="10">
                  <name>CalmSingles1_s3_16.wav</name>
                  <pathurl>file://localhost/Users/CTD/Desktop/Sessions%20to%20upload/18.12.04%20Rebounces/CS1S3%20-%20Slowing%20Down/Audition%20Files/Imported%20Files/CalmSingles1_s3_16.wav</pathurl>
                  <rate>
                    <timebase>30</timebase>
                    <ntsc>FALSE</ntsc>
                  </rate>
                  <duration>131</duration>
                  <media>
                    <audio>
                      <samplecharacteristics>
                        <depth>32</depth>
                        <samplerate>44100</samplerate>
                      </samplecharacteristics>
                    </audio>
                  </media>
                </file>
                <sourcetrack>
                  <mediatype>audio</mediatype>
                  <trackindex>1</trackindex>
                </sourcetrack>
                <channelcount>2</channelcount>
              </clipitem>
              <clipitem id="clipitem-16">
                <name>CalmSingles1_s3_17</name>
                <enabled>TRUE</enabled>
                <duration>175</duration>
                <start>5513</start>
                <end>5689</end>
                <in>0</in>
                <out>175</out>
                <file id="11">
                  <name>CalmSingles1_s3_17.wav</name>
                  <pathurl>file://localhost/Users/CTD/Desktop/Sessions%20to%20upload/18.12.04%20Rebounces/CS1S3%20-%20Slowing%20Down/Audition%20Files/Imported%20Files/CalmSingles1_s3_17.wav</pathurl>
                  <rate>
                    <timebase>30</timebase>
                    <ntsc>FALSE</ntsc>
                  </rate>
                  <duration>175</duration>
                  <media>
                    <audio>
                      <samplecharacteristics>
                        <depth>32</depth>
                        <samplerate>44100</samplerate>
                      </samplecharacteristics>
                    </audio>
                  </media>
                </file>
                <sourcetrack>
                  <mediatype>audio</mediatype>
                  <trackindex>1</trackindex>
                </sourcetrack>
                <channelcount>2</channelcount>
              </clipitem>
              <clipitem id="clipitem-17">
                <name>CalmSingles1_s3_18</name>
                <enabled>TRUE</enabled>
                <duration>239</duration>
                <start>5718</start>
                <end>5957</end>
                <in>0</in>
                <out>239</out>
                <file id="12">
                  <name>CalmSingles1_s3_18.wav</name>
                  <pathurl>file://localhost/Users/CTD/Desktop/Sessions%20to%20upload/18.12.04%20Rebounces/CS1S3%20-%20Slowing%20Down/Audition%20Files/Imported%20Files/CalmSingles1_s3_18.wav</pathurl>
                  <rate>
                    <timebase>30</timebase>
                    <ntsc>FALSE</ntsc>
                  </rate>
                  <duration>239</duration>
                  <media>
                    <audio>
                      <samplecharacteristics>
                        <depth>32</depth>
                        <samplerate>44100</samplerate>
                      </samplecharacteristics>
                    </audio>
                  </media>
                </file>
                <sourcetrack>
                  <mediatype>audio</mediatype>
                  <trackindex>1</trackindex>
                </sourcetrack>
                <channelcount>2</channelcount>
              </clipitem>
              <clipitem id="clipitem-18">
                <name>CalmSingles1_s3_19</name>
                <enabled>TRUE</enabled>
                <duration>299</duration>
                <start>6044</start>
                <end>6344</end>
                <in>0</in>
                <out>299</out>
                <file id="13">
                  <name>CalmSingles1_s3_19.wav</name>
                  <pathurl>file://localhost/Users/CTD/Desktop/Sessions%20to%20upload/18.12.04%20Rebounces/CS1S3%20-%20Slowing%20Down/Audition%20Files/Imported%20Files/CalmSingles1_s3_19.wav</pathurl>
                  <rate>
                    <timebase>30</timebase>
                    <ntsc>FALSE</ntsc>
                  </rate>
                  <duration>299</duration>
                  <media>
                    <audio>
                      <samplecharacteristics>
                        <depth>32</depth>
                        <samplerate>44100</samplerate>
                      </samplecharacteristics>
                    </audio>
                  </media>
                </file>
                <sourcetrack>
                  <mediatype>audio</mediatype>
                  <trackindex>1</trackindex>
                </sourcetrack>
                <channelcount>2</channelcount>
              </clipitem>
              <clipitem id="clipitem-19">
                <name>CalmSingles1_s3_20</name>
                <enabled>TRUE</enabled>
                <duration>301</duration>
                <start>6702</start>
                <end>7004</end>
                <in>0</in>
                <out>301</out>
                <file id="14">
                  <name>CalmSingles1_s3_20.wav</name>
                  <pathurl>file://localhost/Users/CTD/Desktop/Sessions%20to%20upload/18.12.04%20Rebounces/CS1S3%20-%20Slowing%20Down/Audition%20Files/Imported%20Files/CalmSingles1_s3_20.wav</pathurl>
                  <rate>
                    <timebase>30</timebase>
                    <ntsc>FALSE</ntsc>
                  </rate>
                  <duration>301</duration>
                  <media>
                    <audio>
                      <samplecharacteristics>
                        <depth>32</depth>
                        <samplerate>44100</samplerate>
                      </samplecharacteristics>
                    </audio>
                  </media>
                </file>
                <sourcetrack>
                  <mediatype>audio</mediatype>
                  <trackindex>1</trackindex>
                </sourcetrack>
                <channelcount>2</channelcount>
              </clipitem>
              <clipitem id="clipitem-20">
                <name>CalmSingles1_s3_21</name>
                <enabled>TRUE</enabled>
                <duration>69</duration>
                <start>7059</start>
                <end>7128</end>
                <in>0</in>
                <out>69</out>
                <file id="15">
                  <name>CalmSingles1_s3_21.wav</name>
                  <pathurl>file://localhost/Users/CTD/Desktop/Sessions%20to%20upload/18.12.04%20Rebounces/CS1S3%20-%20Slowing%20Down/Audition%20Files/Imported%20Files/CalmSingles1_s3_21.wav</pathurl>
                  <rate>
                    <timebase>30</timebase>
                    <ntsc>FALSE</ntsc>
                  </rate>
                  <duration>69</duration>
                  <media>
                    <audio>
                      <samplecharacteristics>
                        <depth>32</depth>
                        <samplerate>44100</samplerate>
                      </samplecharacteristics>
                    </audio>
                  </media>
                </file>
                <sourcetrack>
                  <mediatype>audio</mediatype>
                  <trackindex>1</trackindex>
                </sourcetrack>
                <channelcount>2</channelcount>
              </clipitem>
              <clipitem id="clipitem-21">
                <name>CalmSingles1_s3_22</name>
                <enabled>TRUE</enabled>
                <duration>172</duration>
                <start>7725</start>
                <end>7897</end>
                <in>0</in>
                <out>172</out>
                <file id="16">
                  <name>CalmSingles1_s3_22.wav</name>
                  <pathurl>file://localhost/Users/CTD/Desktop/Sessions%20to%20upload/18.12.04%20Rebounces/CS1S3%20-%20Slowing%20Down/Audition%20Files/Imported%20Files/CalmSingles1_s3_22.wav</pathurl>
                  <rate>
                    <timebase>30</timebase>
                    <ntsc>FALSE</ntsc>
                  </rate>
                  <duration>172</duration>
                  <media>
                    <audio>
                      <samplecharacteristics>
                        <depth>32</depth>
                        <samplerate>44100</samplerate>
                      </samplecharacteristics>
                    </audio>
                  </media>
                </file>
                <sourcetrack>
                  <mediatype>audio</mediatype>
                  <trackindex>1</trackindex>
                </sourcetrack>
                <channelcount>2</channelcount>
              </clipitem>
              <clipitem id="clipitem-22">
                <name>CalmSingles1_s3_23</name>
                <enabled>TRUE</enabled>
                <duration>170</duration>
                <start>8253</start>
                <end>8423</end>
                <in>0</in>
                <out>170</out>
                <file id="17">
                  <name>CalmSingles1_s3_23.wav</name>
                  <pathurl>file://localhost/Users/CTD/Desktop/Sessions%20to%20upload/18.12.04%20Rebounces/CS1S3%20-%20Slowing%20Down/Audition%20Files/Imported%20Files/CalmSingles1_s3_23.wav</pathurl>
                  <rate>
                    <timebase>30</timebase>
                    <ntsc>FALSE</ntsc>
                  </rate>
                  <duration>170</duration>
                  <media>
                    <audio>
                      <samplecharacteristics>
                        <depth>32</depth>
                        <samplerate>44100</samplerate>
                      </samplecharacteristics>
                    </audio>
                  </media>
                </file>
                <sourcetrack>
                  <mediatype>audio</mediatype>
                  <trackindex>1</trackindex>
                </sourcetrack>
                <channelcount>2</channelcount>
              </clipitem>
              <clipitem id="clipitem-23">
                <name>CalmSingles1_s3_24</name>
                <enabled>TRUE</enabled>
                <duration>109</duration>
                <start>8512</start>
                <end>8621</end>
                <in>0</in>
                <out>109</out>
                <file id="18">
                  <name>CalmSingles1_s3_24.wav</name>
                  <pathurl>file://localhost/Users/CTD/Desktop/Sessions%20to%20upload/18.12.04%20Rebounces/CS1S3%20-%20Slowing%20Down/Audition%20Files/Imported%20Files/CalmSingles1_s3_24.wav</pathurl>
                  <rate>
                    <timebase>30</timebase>
                    <ntsc>FALSE</ntsc>
                  </rate>
                  <duration>109</duration>
                  <media>
                    <audio>
                      <samplecharacteristics>
                        <depth>32</depth>
                        <samplerate>44100</samplerate>
                      </samplecharacteristics>
                    </audio>
                  </media>
                </file>
                <sourcetrack>
                  <mediatype>audio</mediatype>
                  <trackindex>1</trackindex>
                </sourcetrack>
                <channelcount>2</channelcount>
              </clipitem>
              <clipitem id="clipitem-24">
                <name>CalmSingles1_s3_25</name>
                <enabled>TRUE</enabled>
                <duration>199</duration>
                <start>8737</start>
                <end>8936</end>
                <in>0</in>
                <out>199</out>
                <file id="19">
                  <name>CalmSingles1_s3_25.wav</name>
                  <pathurl>file://localhost/Users/CTD/Desktop/Sessions%20to%20upload/18.12.04%20Rebounces/CS1S3%20-%20Slowing%20Down/Audition%20Files/Imported%20Files/CalmSingles1_s3_25.wav</pathurl>
                  <rate>
                    <timebase>30</timebase>
                    <ntsc>FALSE</ntsc>
                  </rate>
                  <duration>199</duration>
                  <media>
                    <audio>
                      <samplecharacteristics>
                        <depth>32</depth>
                        <samplerate>44100</samplerate>
                      </samplecharacteristics>
                    </audio>
                  </media>
                </file>
                <sourcetrack>
                  <mediatype>audio</mediatype>
                  <trackindex>1</trackindex>
                </sourcetrack>
                <channelcount>2</channelcount>
              </clipitem>
              <clipitem id="clipitem-25">
                <name>CalmSingles1_s3_26</name>
                <enabled>TRUE</enabled>
                <duration>142</duration>
                <start>8964</start>
                <end>9107</end>
                <in>0</in>
                <out>142</out>
                <file id="20">
                  <name>CalmSingles1_s3_26.wav</name>
                  <pathurl>file://localhost/Users/CTD/Desktop/Sessions%20to%20upload/18.12.04%20Rebounces/CS1S3%20-%20Slowing%20Down/Audition%20Files/Imported%20Files/CalmSingles1_s3_26.wav</pathurl>
                  <rate>
                    <timebase>30</timebase>
                    <ntsc>FALSE</ntsc>
                  </rate>
                  <duration>142</duration>
                  <media>
                    <audio>
                      <samplecharacteristics>
                        <depth>32</depth>
                        <samplerate>44100</samplerate>
                      </samplecharacteristics>
                    </audio>
                  </media>
                </file>
                <sourcetrack>
                  <mediatype>audio</mediatype>
                  <trackindex>1</trackindex>
                </sourcetrack>
                <channelcount>2</channelcount>
              </clipitem>
              <clipitem id="clipitem-26">
                <name>CalmSingles1_s3_27</name>
                <enabled>TRUE</enabled>
                <duration>120</duration>
                <start>9176</start>
                <end>9296</end>
                <in>0</in>
                <out>120</out>
                <file id="21">
                  <name>CalmSingles1_s3_27.wav</name>
                  <pathurl>file://localhost/Users/CTD/Desktop/Sessions%20to%20upload/18.12.04%20Rebounces/CS1S3%20-%20Slowing%20Down/Audition%20Files/Imported%20Files/CalmSingles1_s3_27.wav</pathurl>
                  <rate>
                    <timebase>30</timebase>
                    <ntsc>FALSE</ntsc>
                  </rate>
                  <duration>120</duration>
                  <media>
                    <audio>
                      <samplecharacteristics>
                        <depth>32</depth>
                        <samplerate>44100</samplerate>
                      </samplecharacteristics>
                    </audio>
                  </media>
                </file>
                <sourcetrack>
                  <mediatype>audio</mediatype>
                  <trackindex>1</trackindex>
                </sourcetrack>
                <channelcount>2</channelcount>
              </clipitem>
              <outputchannelindex>25</outputchannelindex>
            </track>
          </audio>
        </media>
        <timecode>
          <rate>
            <timebase>30</timebase>
            <ntsc>FALSE</ntsc>
          </rate>
          <frame>0</frame>
          <displayformat>NDF</displayformat>
        </timecode>
        <marker>
          <name>{"Background1":"Start","Particles1":"Start","Scrubber1":"Start"}</name>
          <in>3</in>
          <out>-1</out>
          <comment/>
        </marker>
        <marker>
          <name>Marker 63</name>
          <in>60</in>
          <out>-1</out>
          <comment/>
        </marker>
        <marker>
          <name>Marker 01</name>
          <in>324</in>
          <out>-1</out>
          <comment/>
        </marker>
        <marker>
          <name>Marker 02</name>
          <in>438</in>
          <out>-1</out>
          <comment/>
        </marker>
        <marker>
          <name>Marker 03</name>
          <in>583</in>
          <out>-1</out>
          <comment/>
        </marker>
        <marker>
          <name>Marker 04</name>
          <in>773</in>
          <out>-1</out>
          <comment/>
        </marker>
        <marker>
          <name>Marker 05</name>
          <in>1357</in>
          <out>-1</out>
          <comment/>
        </marker>
        <marker>
          <name>Marker 06</name>
          <in>1576</in>
          <out>-1</out>
          <comment/>
        </marker>
        <marker>
          <name>Marker 07</name>
          <in>2047</in>
          <out>-1</out>
          <comment/>
        </marker>
        <marker>
          <name>Marker 08</name>
          <in>2626</in>
          <out>-1</out>
          <comment/>
        </marker>
        <marker>
          <name>Marker 09</name>
          <in>2916</in>
          <out>-1</out>
          <comment/>
        </marker>
        <marker>
          <name>Marker 10</name>
          <in>3357</in>
          <out>-1</out>
          <comment/>
        </marker>
        <marker>
          <name>Marker 11</name>
          <in>3880</in>
          <out>-1</out>
          <comment/>
        </marker>
        <marker>
          <name>Marker 12</name>
          <in>4234</in>
          <out>-1</out>
          <comment/>
        </marker>
        <marker>
          <name>Marker 13</name>
          <in>4480</in>
          <out>-1</out>
          <comment/>
        </marker>
        <marker>
          <name>Marker 14</name>
          <in>4720</in>
          <out>-1</out>
          <comment/>
        </marker>
        <marker>
          <name>Marker 15</name>
          <in>4929</in>
          <out>-1</out>
          <comment/>
        </marker>
        <marker>
          <name>Marker 16</name>
          <in>5513</in>
          <out>-1</out>
          <comment/>
        </marker>
        <marker>
          <name>Marker 17</name>
          <in>5718</in>
          <out>-1</out>
          <comment/>
        </marker>
        <marker>
          <name>Marker 18</name>
          <in>6044</in>
          <out>-1</out>
          <comment/>
        </marker>
        <marker>
          <name>Marker 19</name>
          <in>6702</in>
          <out>-1</out>
          <comment/>
        </marker>
        <marker>
          <name>Marker 20</name>
          <in>7059</in>
          <out>-1</out>
          <comment/>
        </marker>
        <marker>
          <name>Marker 21</name>
          <in>7725</in>
          <out>-1</out>
          <comment/>
        </marker>
        <marker>
          <name>Marker 22</name>
          <in>8253</in>
          <out>-1</out>
          <comment/>
        </marker>
        <marker>
          <name>Marker 23</name>
          <in>8512</in>
          <out>-1</out>
          <comment/>
        </marker>
        <marker>
          <name>Marker 24</name>
          <in>8737</in>
          <out>-1</out>
          <comment/>
        </marker>
        <marker>
          <name>Marker 25</name>
          <in>8964</in>
          <out>-1</out>
          <comment/>
        </marker>
        <marker>
          <name>Marker 26</name>
          <in>9176</in>
          <out>-1</out>
          <comment/>
        </marker>
      </sequence>
    </children>
  </project>

</xmeml>
